State,Winter,Spring,Summer,Fall,Lat,Long,Change
AL,0.78,-0.14,-0.59,-0.26,31.0583,-87.055,-13.59086918
AL,0.78,-0.14,-0.59,-0.26,30.5467,-87.8808,0.0
AL,0.78,-0.14,-0.59,-0.26,32.8347,-88.1342,0.0
AL,0.78,-0.14,-0.59,-0.26,32.6922,-87.5761,-11.44465013
AL,0.78,-0.14,-0.59,-0.26,31.8814,-86.2503,0.0
AL,0.78,-0.14,-0.59,-0.26,34.1736,-86.8133,0.0
AL,0.78,-0.14,-0.59,-0.26,34.6736,-86.0536,0.0
AL,0.78,-0.14,-0.59,-0.26,32.4111,-87.0144,0.0
AL,0.78,-0.14,-0.59,-0.26,33.4164,-86.135,0.0
AL,0.78,-0.14,-0.59,-0.26,31.9172,-87.7347,0.0
AL,0.78,-0.14,-0.59,-0.26,31.8075,-85.9722,-12.91590711
AL,0.78,-0.14,-0.59,-0.26,32.0142,-85.7464,-17.51813107
AL,0.78,-0.14,-0.59,-0.26,34.5686,-85.6064,-22.17623103
AL,0.78,-0.14,-0.59,-0.26,34.7442,-87.5997,0.0
AL,0.78,-0.14,-0.59,-0.26,33.2119,-87.6161,0.0
AR,0.91,0.51,0.06,-0.15,34.8822,-91.2153,-21.97144343
AR,0.91,0.51,0.06,-0.15,35.1033,-92.4903,0.0
AR,0.91,0.51,0.06,-0.15,36.4197,-90.5858,-16.49833395
AR,0.91,0.51,0.06,-0.15,36.4164,-93.7917,0.0
AR,0.91,0.51,0.06,-0.15,36.1011,-94.1736,-14.35162198
AR,0.91,0.51,0.06,-0.15,36.4261,-94.4481,0.0
AR,0.91,0.51,0.06,-0.15,36.4947,-91.535,-14.29988726
AR,0.91,0.51,0.06,-0.15,34.5978,-94.29,0.0
AR,0.91,0.51,0.06,-0.15,35.6042,-91.2744,-24.0199926
AR,0.91,0.51,0.06,-0.15,34.2256,-92.0186,-15.11687499
AR,0.91,0.51,0.06,-0.15,36.2642,-90.9683,-15.19881525
AR,0.91,0.51,0.06,-0.15,33.8203,-93.3878,-17.05991729
AR,0.91,0.51,0.06,-0.15,33.8103,-91.2778,0.0
AR,0.91,0.51,0.06,-0.15,35.3028,-93.6369,-15.0033321
AZ,2.56,2.65,2.38,2.28,32.3697,-112.86,10.46057016
AZ,2.56,2.65,2.38,2.28,33.2058,-111.6819,12.94612444
AZ,2.56,2.65,2.38,2.28,34.3494,-111.6981,0.0
AZ,2.56,2.65,2.38,2.28,35.2681,-111.7428,0.0
AZ,2.56,2.65,2.38,2.28,34.9094,-110.1544,0.0
AZ,2.56,2.65,2.38,2.28,36.8644,-111.6022,0.0
AZ,2.56,2.65,2.38,2.28,33.4044,-110.87,26.23928869
AZ,2.56,2.65,2.38,2.28,34.1547,-114.2908,0.0
AZ,2.56,2.65,2.38,2.28,31.9356,-109.8378,-9.534587038
AZ,2.56,2.65,2.38,2.28,34.5706,-112.4322,17.5623843
AZ,2.56,2.65,2.38,2.28,33.6489,-111.1089,17.67045396
AZ,2.56,2.65,2.38,2.28,33.0722,-111.7661,0.0
AZ,2.56,2.65,2.38,2.28,32.815,-109.6808,10.17094347
AZ,2.56,2.65,2.38,2.28,34.5172,-109.4028,0.0
AZ,2.56,2.65,2.38,2.28,35.3322,-112.8797,10.62987783
AZ,2.56,2.65,2.38,2.28,31.7119,-110.0686,15.05384539
AZ,2.56,2.65,2.38,2.28,32.2292,-110.9536,-9.036510142
AZ,2.56,2.65,2.38,2.28,33.8214,-109.9839,-8.705866916
AZ,2.56,2.65,2.38,2.28,33.9792,-112.7403,0.0
AZ,2.56,2.65,2.38,2.28,35.2414,-112.1928,18.70518089
AZ,2.56,2.65,2.38,2.28,32.6114,-114.635,-7.469409873
CA,2.65,2.67,2.73,2.96,37.8744,-122.2606,22.22924365
CA,2.65,2.67,2.73,2.96,33.6131,-114.5972,0.0
CA,2.65,2.67,2.73,2.96,32.9544,-115.5581,0.0
CA,2.65,2.67,2.73,2.96,41.53,-120.1792,0.0
CA,2.65,2.67,2.73,2.96,39.6911,-121.8211,-9.614216957
CA,2.65,2.67,2.73,2.96,32.64,-117.0858,36.56867827
CA,2.65,2.67,2.73,2.96,39.0911,-120.9481,9.344668924
CA,2.65,2.67,2.73,2.96,32.9897,-116.5872,0.0
CA,2.65,2.67,2.73,2.96,38.535,-121.7761,0.0
CA,2.65,2.67,2.73,2.96,36.4622,-116.8669,31.87685468
CA,2.65,2.67,2.73,2.96,34.705,-118.4297,15.47521096
CA,2.65,2.67,2.73,2.96,39.5092,-123.7567,13.88934086
CA,2.65,2.67,2.73,2.96,36.3158,-119.6369,0.0
CA,2.65,2.67,2.73,2.96,41.7961,-123.3747,-22.84352691
CA,2.65,2.67,2.73,2.96,38.6294,-122.8664,0.0
CA,2.65,2.67,2.73,2.96,36.7981,-118.2036,39.13988277
CA,2.65,2.67,2.73,2.96,33.7086,-116.2153,0.0
CA,2.65,2.67,2.73,2.96,39.3183,-120.6392,17.45454545
CA,2.65,2.67,2.73,2.96,36.3817,-119.0264,10.15623843
CA,2.65,2.67,2.73,2.96,37.6928,-121.8144,0.0
CA,2.65,2.67,2.73,2.96,38.1061,-121.2878,0.0
CA,2.65,2.67,2.73,2.96,39.1458,-121.5853,0.0
CA,2.65,2.67,2.73,2.96,37.2889,-120.5158,0.0
CA,2.65,2.67,2.73,2.96,41.3219,-122.3178,0.0
CA,2.65,2.67,2.73,2.96,38.2778,-122.2647,9.651980748
CA,2.65,2.67,2.73,2.96,33.6031,-117.8836,0.0
CA,2.65,2.67,2.73,2.96,34.4478,-119.2275,0.0
CA,2.65,2.67,2.73,2.96,39.7458,-122.1997,-11.08478341
CA,2.65,2.67,2.73,2.96,41.3089,-123.5317,-17.35418341
CA,2.65,2.67,2.73,2.96,34.1483,-118.1447,18.93965198
CA,2.65,2.67,2.73,2.96,35.6278,-120.6856,0.0
CA,2.65,2.67,2.73,2.96,38.2578,-122.6078,0.0
CA,2.65,2.67,2.73,2.96,39.9367,-120.9475,0.0
CA,2.65,2.67,2.73,2.96,34.0369,-117.1947,0.0
CA,2.65,2.67,2.73,2.96,35.3056,-120.6619,14.12890021
CA,2.65,2.67,2.73,2.96,34.4167,-119.6844,0.0
CA,2.65,2.67,2.73,2.96,36.9878,-121.9994,0.0
CA,2.65,2.67,2.73,2.96,38.4558,-122.7133,0.0
CA,2.65,2.67,2.73,2.96,40.4167,-120.6631,-10.88109753
CA,2.65,2.67,2.73,2.96,39.1678,-120.1428,18.59977786
CA,2.65,2.67,2.73,2.96,35.0233,-118.7497,0.0
CA,2.65,2.67,2.73,2.96,33.7025,-117.7539,0.0
CA,2.65,2.67,2.73,2.96,39.1467,-123.2103,-25.99615385
CA,2.65,2.67,2.73,2.96,38.3956,-121.9608,0.0
CA,2.65,2.67,2.73,2.96,35.5892,-119.3519,0.0
CA,2.65,2.67,2.73,2.96,40.7367,-122.9403,12.11946945
CA,2.65,2.67,2.73,2.96,39.5231,-122.3047,0.0
CA,2.65,2.67,2.73,2.96,37.7503,-119.5897,-11.51795631
CA,2.65,2.67,2.73,2.96,41.7031,-122.6414,17.31803036
CA,2.65,2.67,2.73,2.96,34.7675,-114.6189,19.16845613
CA,2.65,2.67,2.73,2.96,40.8097,-124.1603,24.37763791
CA,2.65,2.67,2.73,2.96,36.78,-119.7194,12.65309145
CO,3.28,2.72,2.49,1.92,39.9919,-105.2667,0.0
CO,3.28,2.72,2.49,1.92,38.46,-105.2256,0.0
CO,3.28,2.72,2.49,1.92,39.2203,-105.2783,0.0
CO,3.28,2.72,2.49,1.92,38.8575,-102.3328,7.802431025
CO,3.28,2.72,2.49,1.92,37.6911,-106.3078,0.0
CO,3.28,2.72,2.49,1.92,39.6261,-106.0353,7.461680859
CO,3.28,2.72,2.49,1.92,38.4758,-102.7769,0.0
CO,3.28,2.72,2.49,1.92,40.5764,-105.0858,15.96075528
CO,3.28,2.72,2.49,1.92,40.2569,-103.87,0.0
CO,3.28,2.72,2.49,1.92,39.1444,-108.7281,13.00452636
CO,3.28,2.72,2.49,1.92,38.5253,-106.9672,-16.27457716
CO,3.28,2.72,2.49,1.92,37.7494,-107.095,19.83043317
CO,3.28,2.72,2.49,1.92,38.0517,-102.1317,0.0
CO,3.28,2.72,2.49,1.92,38.0936,-102.6306,0.0
CO,3.28,2.72,2.49,1.92,38.0636,-103.2153,6.39162731
CO,3.28,2.72,2.49,1.92,37.1711,-105.94,0.0
CO,3.28,2.72,2.49,1.92,38.4858,-107.8792,0.0
CO,3.28,2.72,2.49,1.92,38.0383,-103.6947,0.0
CO,3.28,2.72,2.49,1.92,38.0858,-106.1444,0.0
CO,3.28,2.72,2.49,1.92,40.4883,-106.8233,8.290262866
CO,3.28,2.72,2.49,1.92,37.9492,-107.8736,0.0
CO,3.28,2.72,2.49,1.92,37.1786,-104.4869,31.02658636
CO,3.28,2.72,2.49,1.92,40.0819,-102.2069,0.0
CT,4.77,2.77,2.97,2.68,41.95,-73.3667,0.0
CT,4.77,2.77,2.97,2.68,41.3503,-72.0378,0.0
CT,4.77,2.77,2.97,2.68,41.1247,-73.5475,15.35397464
CT,4.77,2.77,2.97,2.68,41.795,-72.2286,0.0
DE,4.0,2.74,2.89,2.6,39.1467,-75.5056,0.0
DE,4.0,2.74,2.89,2.6,39.6683,-75.7456,0.0
DE,4.0,2.74,2.89,2.6,39.7739,-75.5414,7.24176231
FL,2.31,1.68,1.71,2.09,29.7258,-85.0206,49.71713287
FL,2.31,1.68,1.71,2.09,27.2178,-81.8742,-9.893632532
FL,2.31,1.68,1.71,2.09,27.8861,-81.8325,0.0
FL,2.31,1.68,1.71,2.09,26.6928,-80.6711,58.00365159
FL,2.31,1.68,1.71,2.09,30.7244,-86.0939,-25.30152188
FL,2.31,1.68,1.71,2.09,25.8489,-81.3897,0.0
FL,2.31,1.68,1.71,2.09,29.755,-81.5389,-21.65458424
FL,2.31,1.68,1.71,2.09,26.1019,-80.2011,0.0
FL,2.31,1.68,1.71,2.09,27.4419,-80.3508,17.01369863
FL,2.31,1.68,1.71,2.09,28.8028,-82.3128,19.34838949
FL,2.31,1.68,1.71,2.09,30.1853,-82.5942,-18.09126137
FL,2.31,1.68,1.71,2.09,30.4653,-83.4022,0.0
FL,2.31,1.68,1.71,2.09,29.1639,-82.0778,-9.496751844
FL,2.31,1.68,1.71,2.09,28.3378,-82.26,0.0
FL,2.31,1.68,1.71,2.09,28.1522,-82.7539,15.63643095
FL,2.31,1.68,1.71,2.09,28.6242,-80.8169,-21.95811912
FL,2.31,1.68,1.71,2.09,26.585,-81.8614,16.20237324
FL,2.31,1.68,1.71,2.09,24.555,-81.7522,0.0
FL,2.31,1.68,1.71,2.09,30.4781,-87.1869,0.0
FL,2.31,1.68,1.71,2.09,30.3975,-84.3289,31.31951129
GA,1.99,0.35,-0.02,0.58,31.5339,-84.1489,-14.42354683
GA,1.99,0.35,-0.02,0.58,31.1681,-81.5022,0.0
GA,1.99,0.35,-0.02,0.58,31.1903,-84.2036,-28.44502036
GA,1.99,0.35,-0.02,0.58,33.5972,-83.8436,0.0
GA,1.99,0.35,-0.02,0.58,32.2003,-83.2058,-13.99259534
GA,1.99,0.35,-0.02,0.58,34.3006,-83.86,0.0
GA,1.99,0.35,-0.02,0.58,31.9881,-81.9522,14.31446713
GA,1.99,0.35,-0.02,0.58,32.2842,-83.4681,0.0
GA,1.99,0.35,-0.02,0.58,33.0831,-83.2497,17.59619006
GA,1.99,0.35,-0.02,0.58,33.3997,-84.915,-12.16284289
GA,1.99,0.35,-0.02,0.58,30.7836,-83.5692,-22.05975747
GA,1.99,0.35,-0.02,0.58,34.2414,-85.1583,0.0
GA,1.99,0.35,-0.02,0.58,32.6864,-84.5208,-13.86747631
GA,1.99,0.35,-0.02,0.58,31.4461,-83.4767,0.0
GA,1.99,0.35,-0.02,0.58,34.5786,-83.3319,0.0
GA,1.99,0.35,-0.02,0.58,33.4028,-82.6222,0.0
GA,1.99,0.35,-0.02,0.58,33.7264,-82.7058,0.0
GA,1.99,0.35,-0.02,0.58,31.2514,-82.3128,14.242137
GA,1.99,0.35,-0.02,0.58,32.8861,-85.1839,0.0
GA,1.99,0.35,-0.02,0.58,32.13,-81.21,10.77378749
IA,2.37,1.49,0.18,0.53,41.0656,-92.7867,-18.4487227
IA,2.37,1.49,0.18,0.53,43.0664,-94.2222,-9.156608663
IA,2.37,1.49,0.18,0.53,41.8814,-92.2764,-11.5757127
IA,2.37,1.49,0.18,0.53,43.0603,-92.6717,-12.99074417
IA,2.37,1.49,0.18,0.53,40.7244,-95.0192,-13.93928175
IA,2.37,1.49,0.18,0.53,41.7947,-90.2639,0.0
IA,2.37,1.49,0.18,0.53,43.4036,-94.7472,-16.37837838
IA,2.37,1.49,0.18,0.53,41.0211,-91.9553,0.0
IA,2.37,1.49,0.18,0.53,42.8825,-91.8303,0.0
IA,2.37,1.49,0.18,0.53,43.2844,-93.6306,-12.98652249
IA,2.37,1.49,0.18,0.53,42.5836,-94.2006,-17.85459426
IA,2.37,1.49,0.18,0.53,41.3664,-93.6481,-13.43946686
IA,2.37,1.49,0.18,0.53,42.5189,-93.2536,-8.961125509
IA,2.37,1.49,0.18,0.53,42.7817,-96.1458,-16.06516105
IA,2.37,1.49,0.18,0.53,41.6381,-95.7883,0.0
IA,2.37,1.49,0.18,0.53,40.7053,-94.2428,0.0
IA,2.37,1.49,0.18,0.53,40.9486,-91.5647,-13.64605702
IA,2.37,1.49,0.18,0.53,43.0453,-92.3122,0.0
IA,2.37,1.49,0.18,0.53,43.43,-96.1686,0.0
IA,2.37,1.49,0.18,0.53,42.3969,-94.6292,-16.37615698
IA,2.37,1.49,0.18,0.53,42.6469,-95.1933,0.0
IA,2.37,1.49,0.18,0.53,42.0356,-92.5806,0.0
IA,2.37,1.49,0.18,0.53,41.2825,-91.7078,-7.774898186
ID,2.54,1.86,1.88,1.26,42.9536,-112.8253,6.12884117
ID,2.54,1.86,1.88,1.26,43.5936,-115.9236,0.0
ID,2.54,1.86,1.88,1.26,44.0708,-111.4564,14.21623853
ID,2.54,1.86,1.88,1.26,44.5733,-116.6753,17.20251759
ID,2.54,1.86,1.88,1.26,47.6822,-116.7967,-11.87073567
ID,2.54,1.86,1.88,1.26,46.0931,-115.5356,0.0
ID,2.54,1.86,1.88,1.26,42.9403,-115.3231,21.96043713
ID,2.54,1.86,1.88,1.26,42.5872,-111.7275,35.62014069
ID,2.54,1.86,1.88,1.26,42.5972,-114.1378,12.01658648
ID,2.54,1.86,1.88,1.26,42.3528,-114.5739,0.0
ID,2.54,1.86,1.88,1.26,42.7325,-114.5192,0.0
ID,2.54,1.86,1.88,1.26,47.5339,-116.1222,-7.623687437
ID,2.54,1.86,1.88,1.26,42.1231,-111.3133,14.25472047
ID,2.54,1.86,1.88,1.26,43.9178,-113.6153,0.0
ID,2.54,1.86,1.88,1.26,44.5664,-113.8953,13.5179323
ID,2.54,1.86,1.88,1.26,46.7281,-116.9558,9.229914846
ID,2.54,1.86,1.88,1.26,44.9714,-116.2933,0.0
ID,2.54,1.86,1.88,1.26,42.2342,-113.8981,0.0
ID,2.54,1.86,1.88,1.26,44.0764,-116.9311,0.0
ID,2.54,1.86,1.88,1.26,48.9939,-116.5025,0.0
ID,2.54,1.86,1.88,1.26,48.3511,-116.8353,9.372084413
ID,2.54,1.86,1.88,1.26,48.2942,-116.5628,10.22954461
ID,2.54,1.86,1.88,1.26,46.3747,-117.0156,10.89596446
ID,2.54,1.86,1.88,1.26,42.1492,-112.2872,0.0
IL,2.23,2.09,0.44,0.92,41.1978,-90.7447,-16.49166975
IL,2.23,2.09,0.44,0.92,37.4814,-89.2344,0.0
IL,2.23,2.09,0.44,0.92,41.7803,-88.3092,0.0
IL,2.23,2.09,0.44,0.92,39.2883,-89.8703,-13.46075082
IL,2.23,2.09,0.44,0.92,39.4761,-88.1653,0.0
IL,2.23,2.09,0.44,0.92,40.1392,-87.6478,-15.99185487
IL,2.23,2.09,0.44,0.92,39.8289,-88.9506,-13.64566644
IL,2.23,2.09,0.44,0.92,41.835,-89.5136,-18.87943537
IL,2.23,2.09,0.44,0.92,37.9878,-89.1931,0.0
IL,2.23,2.09,0.44,0.92,41.1739,-90.035,-11.30025916
IL,2.23,2.09,0.44,0.92,37.7408,-88.5244,-26.76888184
IL,2.23,2.09,0.44,0.92,39.1611,-89.4919,0.0
IL,2.23,2.09,0.44,0.92,40.4664,-87.685,0.0
IL,2.23,2.09,0.44,0.92,39.7347,-90.1978,0.0
IL,2.23,2.09,0.44,0.92,40.5839,-90.9686,0.0
IL,2.23,2.09,0.44,0.92,40.1519,-89.3386,-16.07626805
IL,2.23,2.09,0.44,0.92,42.2636,-88.6078,-11.56833607
IL,2.23,2.09,0.44,0.92,40.9125,-89.0339,0.0
IL,2.23,2.09,0.44,0.92,40.9442,-90.6381,-9.244976972
IL,2.23,2.09,0.44,0.92,41.7944,-89.9681,-14.51906701
IL,2.23,2.09,0.44,0.92,42.0981,-89.9842,11.20251759
IL,2.23,2.09,0.44,0.92,38.3483,-88.8533,-27.69863014
IL,2.23,2.09,0.44,0.92,38.7003,-88.0817,-12.57978526
IL,2.23,2.09,0.44,0.92,41.3283,-88.9106,-16.60051833
IL,2.23,2.09,0.44,0.92,39.0064,-87.6236,-14.81619271
IL,2.23,2.09,0.44,0.92,39.3686,-89.0867,0.0
IL,2.23,2.09,0.44,0.92,39.6186,-87.6672,-14.11477231
IL,2.23,2.09,0.44,0.92,40.8778,-88.6364,0.0
IL,2.23,2.09,0.44,0.92,40.1275,-90.5592,-21.3290464
IL,2.23,2.09,0.44,0.92,38.1167,-89.7167,-18.92430615
IL,2.23,2.09,0.44,0.92,40.0839,-88.2403,0.0
IL,2.23,2.09,0.44,0.92,41.5603,-89.6025,-15.72750833
IL,2.23,2.09,0.44,0.92,39.4408,-90.3789,-12.49092929
IL,2.23,2.09,0.44,0.92,39.4458,-88.5961,-13.57275083
IN,2.23,1.9,0.12,0.85,40.1117,-85.7164,0.0
IN,2.23,1.9,0.12,0.85,41.6639,-85.0183,-9.529018051
IN,2.23,1.9,0.12,0.85,40.6683,-84.93,-9.522707233
IN,2.23,1.9,0.12,0.85,39.1742,-86.5214,-10.34465163
IN,2.23,1.9,0.12,0.85,39.4239,-85.0144,0.0
IN,2.23,1.9,0.12,0.85,39.1661,-85.9228,-9.560903369
IN,2.23,1.9,0.12,0.85,40.615,-86.6661,-13.37472527
IN,2.23,1.9,0.12,0.85,41.5575,-85.8825,0.0
IN,2.23,1.9,0.12,0.85,39.6439,-86.8767,-25.8451049
IN,2.23,1.9,0.12,0.85,39.7858,-85.7611,-12.13328397
IN,2.23,1.9,0.12,0.85,41.6117,-86.7297,-16.02295446
IN,2.23,1.9,0.12,0.85,38.7369,-85.3942,-24.19455844
IN,2.23,1.9,0.12,0.85,40.58,-85.6586,-9.094409478
IN,2.23,1.9,0.12,0.85,37.9286,-87.8956,-13.4929228
IN,2.23,1.9,0.12,0.85,38.8878,-86.5519,-22.20066642
IN,2.23,1.9,0.12,0.85,38.5556,-86.4858,0.0
IN,2.23,1.9,0.12,0.85,38.3567,-87.5906,0.0
IN,2.23,1.9,0.12,0.85,41.0664,-86.2097,-11.66901148
IN,2.23,1.9,0.12,0.85,39.7594,-87.2269,0.0
IN,2.23,1.9,0.12,0.85,39.6042,-85.4533,0.0
IN,2.23,1.9,0.12,0.85,38.6158,-86.0856,-14.35058607
IN,2.23,1.9,0.12,0.85,38.6886,-85.785,-14.38193997
IN,2.23,1.9,0.12,0.85,38.9822,-85.8989,-22.45909091
IN,2.23,1.9,0.12,0.85,38.5528,-86.7944,-10.44724176
IN,2.23,1.9,0.12,0.85,38.6489,-87.1989,0.0
IN,2.23,1.9,0.12,0.85,41.1947,-87.0578,-20.46276519
IN,2.23,1.9,0.12,0.85,39.9961,-86.3542,0.0
IN,2.23,1.9,0.12,0.85,41.0267,-86.5867,-11.24028138
KS,2.72,1.92,0.82,0.55,37.1942,-99.7633,0.0
KS,2.72,1.92,0.82,0.55,39.5756,-95.1108,0.0
KS,2.72,1.92,0.82,0.55,37.2733,-99.3289,-15.46538319
KS,2.72,1.92,0.82,0.55,37.1767,-94.8428,-12.1179062
KS,2.72,1.92,0.82,0.55,38.6758,-96.5097,0.0
KS,2.72,1.92,0.82,0.55,37.8183,-96.8444,-9.954091077
KS,2.72,1.92,0.82,0.55,38.7297,-98.225,0.0
KS,2.72,1.92,0.82,0.55,37.8172,-94.6986,-16.66499869
KS,2.72,1.92,0.82,0.55,38.8586,-99.3358,0.0
KS,2.72,1.92,0.82,0.55,39.6678,-95.52,0.0
KS,2.72,1.92,0.82,0.55,37.2364,-95.7003,0.0
KS,2.72,1.92,0.82,0.55,37.9411,-101.2492,9.934098482
KS,2.72,1.92,0.82,0.55,38.1817,-99.0994,0.0
KS,2.72,1.92,0.82,0.55,38.9583,-95.2514,0.0
KS,2.72,1.92,0.82,0.55,39.3256,-94.9189,0.0
KS,2.72,1.92,0.82,0.55,37.0308,-100.9069,0.0
KS,2.72,1.92,0.82,0.55,39.1972,-96.5814,0.0
KS,2.72,1.92,0.82,0.55,38.3772,-97.6097,0.0
KS,2.72,1.92,0.82,0.55,39.1247,-97.7047,0.0
KS,2.72,1.92,0.82,0.55,39.7408,-99.8361,0.0
KS,2.72,1.92,0.82,0.55,39.8228,-100.5164,-8.292484265
KS,2.72,1.92,0.82,0.55,38.8875,-94.7603,0.0
KS,2.72,1.92,0.82,0.55,38.6133,-95.2808,-10.44279896
KS,2.72,1.92,0.82,0.55,39.7675,-101.8067,0.0
KS,2.72,1.92,0.82,0.55,38.4747,-100.9175,0.0
KS,2.72,1.92,0.82,0.55,37.1322,-96.18,-18.15549796
KS,2.72,1.92,0.82,0.55,39.7772,-98.7783,-10.23047132
KS,2.72,1.92,0.82,0.55,39.0147,-99.8722,12.4242873
KS,2.72,1.92,0.82,0.55,37.155,-98.0283,-10.06299595
KY,1.5,0.93,-0.3,0.05,38.4536,-82.6131,0.0
KY,1.5,0.93,-0.3,0.05,36.8825,-83.8819,-12.89210043
KY,1.5,0.93,-0.3,0.05,37.5733,-84.2908,-19.31091873
KY,1.5,0.93,-0.3,0.05,38.1228,-83.5328,0.0
KY,1.5,0.93,-0.3,0.05,37.2572,-85.5011,0.0
KY,1.5,0.93,-0.3,0.05,37.7558,-87.6456,0.0
KY,1.5,0.93,-0.3,0.05,36.8492,-87.5206,-15.25267196
KY,1.5,0.93,-0.3,0.05,37.5108,-86.2892,-20.56009098
KY,1.5,0.93,-0.3,0.05,38.6408,-84.5592,0.0
KY,1.5,0.93,-0.3,0.05,36.9647,-86.4239,0.0
LA,0.62,0.36,0.36,0.41,31.3206,-92.4611,0.0
LA,0.62,0.36,0.36,0.41,30.7094,-90.525,0.0
LA,0.62,0.36,0.36,0.41,32.7314,-91.9144,-15.47927768
LA,0.62,0.36,0.36,0.41,30.9594,-92.1786,0.0
LA,0.62,0.36,0.36,0.41,32.5133,-92.3486,0.0
LA,0.62,0.36,0.36,0.41,30.5272,-90.1114,0.0
LA,0.62,0.36,0.36,0.41,30.0719,-91.0278,-48.73084043
LA,0.62,0.36,0.36,0.41,29.8233,-91.5442,-32.10604721
LA,0.62,0.36,0.36,0.41,30.4183,-92.0442,0.0
LA,0.62,0.36,0.36,0.41,29.6408,-90.8161,0.0
LA,0.62,0.36,0.36,0.41,30.2003,-92.6642,-22.41169937
LA,0.62,0.36,0.36,0.41,31.9497,-91.2336,18.72474521
LA,0.62,0.36,0.36,0.41,32.0997,-91.7022,0.0
LA,0.62,0.36,0.36,0.41,29.9167,-90.1303,33.33139027
LA,0.62,0.36,0.36,0.41,30.5372,-91.1469,13.19067012
LA,0.62,0.36,0.36,0.41,30.205,-91.9875,0.0
MA,4.44,2.47,3.0,2.69,42.3861,-72.5375,0.0
MA,4.44,2.47,3.0,2.69,42.2122,-71.1136,8.430211033
MA,4.44,2.47,3.0,2.69,42.6992,-71.1658,5.757867456
MA,4.44,2.47,3.0,2.69,41.9819,-70.6961,0.0
MA,4.44,2.47,3.0,2.69,42.5239,-71.125,0.0
MA,4.44,2.47,3.0,2.69,41.9003,-71.0658,11.35515421
MD,3.42,2.19,2.27,2.03,39.0303,-76.9314,0.0
MD,3.42,2.19,2.27,2.03,39.2167,-76.0519,0.0
MD,3.42,2.19,2.27,2.03,38.9689,-76.8042,0.0
MD,3.42,2.19,2.27,2.03,39.0847,-76.9003,0.0
MD,3.42,2.19,2.27,2.03,39.4131,-79.4003,0.0
MD,3.42,2.19,2.27,2.03,38.2122,-75.6822,0.0
MD,3.42,2.19,2.27,2.03,38.7153,-76.1908,0.0
MD,3.42,2.19,2.27,2.03,38.365,-75.5892,0.0
ME,5.12,2.37,2.69,2.66,45.6603,-69.812,10.71293043
ME,5.12,2.37,2.69,2.66,44.9197,-69.2417,0.0
ME,5.12,2.37,2.69,2.66,44.9067,-66.9919,11.91328901
ME,5.12,2.37,2.69,2.66,44.6894,-70.1564,-12.31543873
ME,5.12,2.37,2.69,2.66,44.2203,-69.7889,0.0
ME,5.12,2.37,2.69,2.66,44.1,-70.2167,13.81818182
ME,5.12,2.37,2.69,2.66,45.6503,-68.705,0.0
ME,5.12,2.37,2.69,2.66,46.6539,-68.0089,0.0
ME,5.12,2.37,2.69,2.66,45.1542,-67.3986,0.0
ME,5.12,2.37,2.69,2.66,43.6497,-70.3003,0.0
MI,4.34,3.05,2.03,1.97,41.9164,-84.0158,0.0
MI,4.34,3.05,2.03,1.97,42.58,-85.7892,-16.81008014
MI,4.34,3.05,2.03,1.97,43.3869,-84.6483,0.0
MI,4.34,3.05,2.03,1.97,42.2981,-83.6639,0.0
MI,4.34,3.05,2.03,1.97,43.7072,-85.4819,0.0
MI,4.34,3.05,2.03,1.97,46.5192,-87.9858,0.0
MI,4.34,3.05,2.03,1.97,45.6528,-84.4725,0.0
MI,4.34,3.05,2.03,1.97,41.9622,-84.9925,0.0
MI,4.34,3.05,2.03,1.97,44.2839,-83.5036,0.0
MI,4.34,3.05,2.03,1.97,43.6747,-86.4239,-11.77472502
MI,4.34,3.05,2.03,1.97,41.9353,-84.6411,0.0
MI,4.34,3.05,2.03,1.97,45.7858,-88.0842,6.790818215
MI,4.34,3.05,2.03,1.97,46.4656,-90.1892,-13.32617549
MI,4.34,3.05,2.03,1.97,43.5858,-84.7694,0.0
MI,4.34,3.05,2.03,1.97,46.4122,-86.6625,-16.59762536
MI,4.34,3.05,2.03,1.97,46.3286,-85.5033,0.0
MI,4.34,3.05,2.03,1.97,43.0161,-84.18,0.0
MI,4.34,3.05,2.03,1.97,42.4014,-86.2825,-10.42767447
MI,4.34,3.05,2.03,1.97,46.0556,-88.6275,0.0
MI,4.34,3.05,2.03,1.97,42.6083,-82.8183,0.0
MN,4.79,2.72,1.69,1.94,47.2992,-96.5161,-11.51854129
MN,4.79,2.72,1.69,1.94,43.6064,-93.3019,-9.885227693
MN,4.79,2.72,1.69,1.94,48.3311,-96.8253,0.0
MN,4.79,2.72,1.69,1.94,48.7094,-94.5853,0.0
MN,4.79,2.72,1.69,1.94,46.7053,-92.5239,0.0
MN,4.79,2.72,1.69,1.94,46.8372,-95.8375,0.0
MN,4.79,2.72,1.69,1.94,43.6447,-94.4656,0.0
MN,4.79,2.72,1.69,1.94,44.6697,-93.17,-12.615779
MN,4.79,2.72,1.69,1.94,47.5639,-95.7247,-15.21296394
MN,4.79,2.72,1.69,1.94,43.7047,-92.5644,0.0
MN,4.79,2.72,1.69,1.94,47.2436,-93.4975,8.87226953
MN,4.79,2.72,1.69,1.94,47.2256,-95.1919,-8.738985561
MN,4.79,2.72,1.69,1.94,47.2467,-94.2228,0.0
MN,4.79,2.72,1.69,1.94,45.1219,-95.9269,8.707885968
MN,4.79,2.72,1.69,1.94,44.9342,-95.7458,0.0
MN,4.79,2.72,1.69,1.94,45.8775,-93.3147,-15.88300629
MN,4.79,2.72,1.69,1.94,45.59,-95.8744,-9.503146983
MN,4.79,2.72,1.69,1.94,44.3006,-94.4897,-23.42281106
MN,4.79,2.72,1.69,1.94,46.6694,-94.1089,0.0
MN,4.79,2.72,1.69,1.94,44.0139,-96.3258,-10.60051833
MN,4.79,2.72,1.69,1.94,48.8486,-95.7675,-13.69899983
MN,4.79,2.72,1.69,1.94,44.3222,-93.9656,-15.05220289
MN,4.79,2.72,1.69,1.94,46.7953,-93.3211,0.0
MN,4.79,2.72,1.69,1.94,47.0258,-91.6653,0.0
MN,4.79,2.72,1.69,1.94,47.0936,-94.5739,0.0
MN,4.79,2.72,1.69,1.94,43.7639,-94.1661,0.0
MN,4.79,2.72,1.69,1.94,44.2992,-92.6661,-19.95639591
MN,4.79,2.72,1.69,1.94,44.8831,-93.2289,0.0
MN,4.79,2.72,1.69,1.94,46.9006,-95.0678,0.0
MO,2.03,1.38,0.0,-0.04,38.1872,-94.0283,-24.92854498
MO,2.03,1.38,0.0,-0.04,39.4247,-93.1331,-19.10125337
MO,2.03,1.38,0.0,-0.04,36.1875,-89.66,0.0
MO,2.03,1.38,0.0,-0.04,38.395,-93.7711,0.0
MO,2.03,1.38,0.0,-0.04,40.2394,-94.6833,-20.60348019
MO,2.03,1.38,0.0,-0.04,36.6206,-90.8125,-17.49886737
MO,2.03,1.38,0.0,-0.04,37.7919,-90.4097,-13.05516475
MO,2.03,1.38,0.0,-0.04,38.5853,-92.1825,-12.34875972
MO,2.03,1.38,0.0,-0.04,37.5983,-94.2842,0.0
MO,2.03,1.38,0.0,-0.04,37.685,-92.6939,0.0
MO,2.03,1.38,0.0,-0.04,39.1828,-93.855,-18.65902839
MO,2.03,1.38,0.0,-0.04,37.3908,-93.9492,-16.05405405
MO,2.03,1.38,0.0,-0.04,37.3036,-89.9664,-14.80774571
MO,2.03,1.38,0.0,-0.04,39.1756,-91.8861,0.0
MO,2.03,1.38,0.0,-0.04,39.4194,-92.4369,-10.36949278
MO,2.03,1.38,0.0,-0.04,37.1542,-92.2619,-12.20881155
MO,2.03,1.38,0.0,-0.04,36.865,-94.3603,0.0
MO,2.03,1.38,0.0,-0.04,37.9567,-91.7761,0.0
MO,2.03,1.38,0.0,-0.04,40.2472,-93.7158,0.0
MO,2.03,1.38,0.0,-0.04,39.9703,-91.8875,0.0
MO,2.03,1.38,0.0,-0.04,38.9664,-93.4194,-20.1414291
MO,2.03,1.38,0.0,-0.04,40.475,-93.0031,0.0
MO,2.03,1.38,0.0,-0.04,38.8347,-91.1389,-14.73676326
MS,0.61,0.06,-0.36,-0.19,33.83,-88.5214,-27.31194885
MS,0.61,0.06,-0.36,-0.19,34.3061,-89.9806,-17.46337367
MS,0.61,0.06,-0.36,-0.19,34.6344,-88.5622,-18.4013814
MS,0.61,0.06,-0.36,-0.19,31.5447,-90.4581,-15.06553128
MS,0.61,0.06,-0.36,-0.19,32.6714,-90.0361,-17.5679013
MS,0.61,0.06,-0.36,-0.19,34.1864,-90.5572,-35.75564606
MS,0.61,0.06,-0.36,-0.19,31.2503,-89.8361,0.0
MS,0.61,0.06,-0.36,-0.19,34.8792,-88.6178,-17.9614011
MS,0.61,0.06,-0.36,-0.19,32.36,-89.4208,0.0
MS,0.61,0.06,-0.36,-0.19,33.3592,-91.06,0.0
MS,0.61,0.06,-0.36,-0.19,31.2547,-89.3392,-22.46945576
MS,0.61,0.06,-0.36,-0.19,34.8039,-90.0103,0.0
MS,0.61,0.06,-0.36,-0.19,34.8219,-89.4347,25.87012987
MS,0.61,0.06,-0.36,-0.19,33.0583,-89.5797,-14.57012504
MS,0.61,0.06,-0.36,-0.19,31.6756,-89.1236,0.0
MS,0.61,0.06,-0.36,-0.19,33.1356,-89.0711,0.0
MS,0.61,0.06,-0.36,-0.19,31.5519,-90.1058,20.32415053
MS,0.61,0.06,-0.36,-0.19,33.4517,-90.5097,-22.59463631
MS,0.61,0.06,-0.36,-0.19,31.5889,-91.3408,-27.80303591
MS,0.61,0.06,-0.36,-0.19,30.3961,-88.4781,-18.74534244
MS,0.61,0.06,-0.36,-0.19,34.1381,-88.9983,0.0
MS,0.61,0.06,-0.36,-0.19,30.8408,-89.5453,0.0
MS,0.61,0.06,-0.36,-0.19,31.985,-90.9719,0.0
MS,0.61,0.06,-0.36,-0.19,33.4692,-88.7822,0.0
MS,0.61,0.06,-0.36,-0.19,34.3725,-89.5308,0.0
MS,0.61,0.06,-0.36,-0.19,34.1583,-89.6311,-12.32432432
MS,0.61,0.06,-0.36,-0.19,31.6772,-88.6708,0.0
MS,0.61,0.06,-0.36,-0.19,31.0931,-91.2325,-14.78076923
MS,0.61,0.06,-0.36,-0.19,32.9028,-90.3817,18.64172998
MT,4.02,2.67,1.84,1.52,47.4925,-112.3969,0.0
MT,4.02,2.67,1.84,1.52,45.8325,-109.9511,0.0
MT,4.02,2.67,1.84,1.52,45.6622,-111.0464,8.5723806
MT,4.02,2.67,1.84,1.52,47.2192,-111.7106,10.81102266
MT,4.02,2.67,1.84,1.52,48.5883,-109.2267,0.0
MT,4.02,2.67,1.84,1.52,47.8206,-112.1922,0.0
MT,4.02,2.67,1.84,1.52,45.2089,-112.6389,0.0
MT,4.02,2.67,1.84,1.52,45.8864,-104.5478,0.0
MT,4.02,2.67,1.84,1.52,45.3394,-111.7122,12.88189559
MT,4.02,2.67,1.84,1.52,46.8217,-108.3725,0.0
MT,4.02,2.67,1.84,1.52,48.4983,-109.8014,0.0
MT,4.02,2.67,1.84,1.52,48.7783,-114.8997,0.0
MT,4.02,2.67,1.84,1.52,47.1058,-104.7175,0.0
MT,4.02,2.67,1.84,1.52,46.2461,-114.1681,7.253729824
MT,4.02,2.67,1.84,1.52,44.8667,-111.3392,0.0
MT,4.02,2.67,1.84,1.52,45.9228,-108.2453,7.647182793
MT,4.02,2.67,1.84,1.52,45.9353,-107.1375,0.0
MT,4.02,2.67,1.84,1.52,47.3144,-106.9103,0.0
MT,4.02,2.67,1.84,1.52,48.3042,-114.2636,6.761940022
MT,4.02,2.67,1.84,1.52,48.4036,-115.5392,0.0
MT,4.02,2.67,1.84,1.52,48.4828,-104.4514,-9.012217697
MT,4.02,2.67,1.84,1.52,47.0572,-109.9511,0.0
MT,4.02,2.67,1.84,1.52,45.4875,-111.6336,0.0
MT,4.02,2.67,1.84,1.52,46.3158,-113.3,0.0
MT,4.02,2.67,1.84,1.52,46.4178,-104.5164,0.0
MT,4.02,2.67,1.84,1.52,45.1769,-109.2572,11.42945897
MT,4.02,2.67,1.84,1.52,47.315,-114.0983,0.0
MT,4.02,2.67,1.84,1.52,47.4536,-104.3378,0.0
MT,4.02,2.67,1.84,1.52,48.3119,-112.2492,0.0
MT,4.02,2.67,1.84,1.52,47.88,-105.3686,0.0
MT,4.02,2.67,1.84,1.52,45.2925,-111.9478,0.0
MT,4.02,2.67,1.84,1.52,46.4267,-105.8825,0.0
MT,4.02,2.67,1.84,1.52,48.6033,-112.3753,9.734172529
MT,4.02,2.67,1.84,1.52,47.4733,-111.3822,9.843021103
MT,4.02,2.67,1.84,1.52,46.6056,-111.9636,19.53478627
MT,4.02,2.67,1.84,1.52,48.2138,-106.6213,0.0
NC,2.09,0.87,0.76,0.84,35.3992,-80.1994,-13.40392447
NC,2.09,0.87,0.76,0.84,35.9086,-79.0794,0.0
NC,2.09,0.87,0.76,0.84,36.0164,-76.5517,0.0
NC,2.09,0.87,0.76,0.84,36.3097,-76.205,0.0
NC,2.09,0.87,0.76,0.84,35.0592,-78.8589,0.0
NC,2.09,0.87,0.76,0.84,36.3489,-78.4119,0.0
NC,2.09,0.87,0.76,0.84,35.3297,-82.4492,0.0
NC,2.09,0.87,0.76,0.84,35.0564,-83.1983,0.0
NC,2.09,0.87,0.76,0.84,35.1967,-77.5433,-23.86940775
NC,2.09,0.87,0.76,0.84,35.9147,-81.5375,0.0
NC,2.09,0.87,0.76,0.84,36.1025,-78.3042,0.0
NC,2.09,0.87,0.76,0.84,34.6269,-79.025,0.0
NC,2.09,0.87,0.76,0.84,35.6847,-82.0083,0.0
NC,2.09,0.87,0.76,0.84,35.8033,-82.6658,0.0
NC,2.09,0.87,0.76,0.84,34.9797,-80.5233,0.0
NC,2.09,0.87,0.76,0.84,34.7336,-76.7358,-11.37134395
NC,2.09,0.87,0.76,0.84,35.7297,-81.6728,0.0
NC,2.09,0.87,0.76,0.84,36.4961,-80.6522,-10.37837838
NC,2.09,0.87,0.76,0.84,36.3797,-79.6944,14.45891292
NC,2.09,0.87,0.76,0.84,35.6836,-80.4822,-21.49426138
NC,2.09,0.87,0.76,0.84,35.5172,-78.3442,-8.810070344
NC,2.09,0.87,0.76,0.84,33.9947,-78.0078,42.70877548
NC,2.09,0.87,0.76,0.84,35.81,-80.8808,-9.585338763
NC,2.09,0.87,0.76,0.84,35.8842,-77.5386,-13.38837468
NC,2.09,0.87,0.76,0.84,36.4003,-81.3053,0.0
NC,2.09,0.87,0.76,0.84,35.4867,-82.9681,0.0
NC,2.09,0.87,0.76,0.84,35.6939,-77.9461,0.0
NC,2.09,0.87,0.76,0.84,35.2325,-75.6219,23.03406593
ND,5.63,2.48,1.78,1.8,48.8217,-100.4528,-8.818955942
ND,5.63,2.48,1.78,1.8,48.9144,-103.2978,-9.543132173
ND,5.63,2.48,1.78,1.8,46.8914,-102.7792,0.0
ND,5.63,2.48,1.78,1.8,47.3467,-102.5869,0.0
ND,5.63,2.48,1.78,1.8,46.1583,-98.3989,-22.31395779
ND,5.63,2.48,1.78,1.8,48.4181,-97.4247,0.0
ND,5.63,2.48,1.78,1.8,47.9217,-97.0975,-7.261754906
ND,5.63,2.48,1.78,1.8,47.4389,-97.0664,-11.66695454
ND,5.63,2.48,1.78,1.8,46.8844,-98.685,-14.69233617
ND,5.63,2.48,1.78,1.8,48.7622,-98.3447,-22.04738986
ND,5.63,2.48,1.78,1.8,46.4444,-97.6928,-6.767463543
ND,5.63,2.48,1.78,1.8,46.8128,-100.9097,-6.693076638
ND,5.63,2.48,1.78,1.8,46.6706,-100.2294,-12.64554234
ND,5.63,2.48,1.78,1.8,46.3747,-102.3211,12.75354265
ND,5.63,2.48,1.78,1.8,46.5067,-99.7692,-12.29322473
ND,5.63,2.48,1.78,1.8,46.5406,-102.8692,0.0
ND,5.63,2.48,1.78,1.8,46.8886,-102.3192,0.0
ND,5.63,2.48,1.78,1.8,48.3706,-100.3908,-8.061758471
ND,5.63,2.48,1.78,1.8,48.6061,-100.2911,-7.892632358
ND,5.63,2.48,1.78,1.8,48.9711,-97.2417,-13.46168086
NE,3.19,2.03,0.94,0.9,41.6853,-98.0083,-16.05061097
NE,3.19,2.03,0.94,0.9,42.1103,-102.8967,0.0
NE,3.19,2.03,0.94,0.9,41.0408,-96.3811,0.0
NE,3.19,2.03,0.94,0.9,42.5136,-99.0303,0.0
NE,3.19,2.03,0.94,0.9,40.3706,-95.7469,-9.316612001
NE,3.19,2.03,0.94,0.9,40.1306,-99.8278,0.0
NE,3.19,2.03,0.94,0.9,41.6681,-103.1039,9.109959274
NE,3.19,2.03,0.94,0.9,41.4083,-99.675,-14.17030729
NE,3.19,2.03,0.94,0.9,40.6092,-96.8719,-9.414291003
NE,3.19,2.03,0.94,0.9,40.6344,-100.5219,0.0
NE,3.19,2.03,0.94,0.9,41.2492,-97.1328,-13.14605441
NE,3.19,2.03,0.94,0.9,40.0739,-97.1669,-12.4442799
NE,3.19,2.03,0.94,0.9,40.6422,-97.5928,-19.15549451
NE,3.19,2.03,0.94,0.9,40.5314,-97.5964,-11.41132914
NE,3.19,2.03,0.94,0.9,41.4514,-97.7644,-13.47500926
NE,3.19,2.03,0.94,0.9,40.9394,-100.1514,-15.447612
NE,3.19,2.03,0.94,0.9,42.6858,-103.8842,0.0
NE,3.19,2.03,0.94,0.9,42.6167,-97.2608,-24.17011022
NE,3.19,2.03,0.94,0.9,40.6472,-98.3836,-18.75305442
NE,3.19,2.03,0.94,0.9,40.175,-97.5903,-12.22658275
NE,3.19,2.03,0.94,0.9,40.4517,-99.3803,-21.36097742
NE,3.19,2.03,0.94,0.9,40.5092,-101.6514,0.0
NE,3.19,2.03,0.94,0.9,41.2453,-103.6344,10.65137011
NE,3.19,2.03,0.94,0.9,41.1489,-102.6361,0.0
NE,3.19,2.03,0.94,0.9,41.2789,-98.9697,-18.90622546
NE,3.19,2.03,0.94,0.9,41.8292,-97.45,-24.25340201
NE,3.19,2.03,0.94,0.9,40.2289,-100.61,0.0
NE,3.19,2.03,0.94,0.9,42.9194,-101.7089,0.0
NE,3.19,2.03,0.94,0.9,40.5156,-98.9514,-13.19511292
NE,3.19,2.03,0.94,0.9,41.4969,-98.7714,-22.3006137
NE,3.19,2.03,0.94,0.9,42.0644,-97.9667,-18.74861163
NE,3.19,2.03,0.94,0.9,40.1117,-96.1514,-20.55489099
NE,3.19,2.03,0.94,0.9,42.065,-100.2472,0.0
NE,3.19,2.03,0.94,0.9,40.0978,-98.5197,0.0
NE,3.19,2.03,0.94,0.9,41.2078,-98.4608,0.0
NE,3.19,2.03,0.94,0.9,40.8997,-97.0908,-9.520321932
NE,3.19,2.03,0.94,0.9,40.6661,-96.1892,-8.907811922
NE,3.19,2.03,0.94,0.9,40.3544,-96.1939,0.0
NE,3.19,2.03,0.94,0.9,41.7767,-96.2328,-10.77862365
NE,3.19,2.03,0.94,0.9,42.2619,-96.8636,-9.02408739
NE,3.19,2.03,0.94,0.9,40.8639,-96.1414,-22.33410138
NE,3.19,2.03,0.94,0.9,40.8678,-97.5922,0.0
NH,4.63,2.44,2.47,2.44,43.1433,-70.95,0.0
NH,4.63,2.44,2.47,2.44,45.09,-71.2906,8.392447242
NH,4.63,2.44,2.47,2.44,43.7053,-72.2856,7.488337653
NH,4.63,2.44,2.47,2.44,42.9389,-72.3247,0.0
NJ,5.0,3.12,3.27,3.08,40.8917,-74.3964,10.49468228
NJ,5.0,3.12,3.27,3.08,41.03,-74.4247,0.0
NJ,5.0,3.12,3.27,3.08,40.5739,-74.8817,0.0
NJ,5.0,3.12,3.27,3.08,40.2664,-74.5642,10.56719733
NJ,5.0,3.12,3.27,3.08,39.7994,-74.7806,0.0
NJ,5.0,3.12,3.27,3.08,40.2969,-74.0017,0.0
NJ,5.0,3.12,3.27,3.08,39.9511,-74.9697,27.09755245
NJ,5.0,3.12,3.27,3.08,40.6036,-74.4025,0.0
NJ,5.0,3.12,3.27,3.08,39.3792,-74.4242,5.919691711
NM,2.49,2.2,2.07,1.78,36.835,-108.0006,13.27455142
NM,2.49,2.2,2.07,1.78,35.5297,-104.0936,0.0
NM,2.49,2.2,2.07,1.78,32.3478,-104.2225,21.65420215
NM,2.49,2.2,2.07,1.78,33.6308,-105.8964,0.0
NM,2.49,2.2,2.07,1.78,36.9178,-106.5781,0.0
NM,2.49,2.2,2.07,1.78,36.4661,-104.9456,9.998519067
NM,2.49,2.2,2.07,1.78,36.9358,-107.0,19.80821918
NM,2.49,2.2,2.07,1.78,33.1461,-107.1842,27.82715266
NM,2.49,2.2,2.07,1.78,32.7939,-108.1514,0.0
NM,2.49,2.2,2.07,1.78,34.4667,-104.2319,-24.8841202
NM,2.49,2.2,2.07,1.78,32.2261,-108.0867,22.64443902
NM,2.49,2.2,2.07,1.78,35.7783,-106.6872,17.25101293
NM,2.49,2.2,2.07,1.78,32.6161,-106.7403,0.0
NM,2.49,2.2,2.07,1.78,34.7675,-106.7611,40.35824176
NM,2.49,2.2,2.07,1.78,33.8225,-108.9417,16.5573387
NM,2.49,2.2,2.07,1.78,32.9539,-105.8225,9.878563495
NM,2.49,2.2,2.07,1.78,34.5208,-106.2606,13.98815254
NM,2.49,2.2,2.07,1.78,32.3789,-106.0925,0.0
NM,2.49,2.2,2.07,1.78,36.71,-105.4164,0.0
NM,2.49,2.2,2.07,1.78,35.1086,-103.3283,10.69159571
NM,2.49,2.2,2.07,1.78,34.9561,-104.7217,0.0
NM,2.49,2.2,2.07,1.78,34.0606,-106.8842,0.0
NM,2.49,2.2,2.07,1.78,36.3628,-104.585,-23.82944992
NM,2.49,2.2,2.07,1.78,32.2822,-106.7597,24.71254816
NM,2.49,2.2,2.07,1.78,35.2006,-103.6867,20.91669752
NM,2.49,2.2,2.07,1.78,33.0719,-106.0411,0.0
NM,2.49,2.2,2.07,1.78,33.3075,-104.5083,23.2993486
NM,2.49,2.2,2.07,1.78,36.4486,-103.1539,23.7476945
NV,2.74,2.25,2.51,2.12,39.4931,-117.0675,-7.113448902
NV,2.74,2.25,2.51,2.12,35.98,-114.8464,0.0
NV,2.74,2.25,2.51,2.12,39.4572,-118.7811,0.0
NV,2.74,2.25,2.51,2.12,40.9567,-117.4922,0.0
NV,2.74,2.25,2.51,2.12,40.17,-118.4775,0.0
NV,2.74,2.25,2.51,2.12,39.4136,-114.7733,23.21859927
NV,2.74,2.25,2.51,2.12,38.3878,-118.1092,0.0
NV,2.74,2.25,2.51,2.12,35.4661,-114.9217,0.0
NV,2.74,2.25,2.51,2.12,41.1006,-114.9736,-18.94765494
NV,2.74,2.25,2.51,2.12,39.4839,-119.7711,22.7271381
NV,2.74,2.25,2.51,2.12,40.6117,-116.8917,27.07441688
NV,2.74,2.25,2.51,2.12,40.8289,-115.7886,13.64827842
NV,2.74,2.25,2.51,2.12,40.9017,-117.8081,13.76823399
NY,3.77,1.96,1.38,1.77,42.1014,-77.2344,-11.40628036
NY,3.77,1.96,1.38,1.77,42.2797,-77.7656,10.69684103
NY,3.77,1.96,1.38,1.77,42.1003,-78.7497,-18.09172939
NY,3.77,1.96,1.38,1.77,42.3108,-78.0231,0.0
NY,3.77,1.96,1.38,1.77,43.0297,-78.1683,0.0
NY,3.77,1.96,1.38,1.77,40.9519,-72.2978,15.87644317
NY,3.77,1.96,1.38,1.77,44.8786,-73.3953,-16.82142857
NY,3.77,1.96,1.38,1.77,42.7167,-74.9267,-11.1425398
NY,3.77,1.96,1.38,1.77,44.7192,-73.7206,-12.4465013
NY,3.77,1.96,1.38,1.77,42.5647,-77.7175,-20.53905961
NY,3.77,1.96,1.38,1.77,41.0072,-73.8344,0.0
NY,3.77,1.96,1.38,1.77,42.0997,-76.8358,-10.76268049
NY,3.77,1.96,1.38,1.77,42.4497,-79.312,-13.04835165
NY,3.77,1.96,1.38,1.77,43.0492,-74.3592,-11.47539451
NY,3.77,1.96,1.38,1.77,42.7742,-77.6083,0.0
NY,3.77,1.96,1.38,1.77,43.7547,-74.2756,-18.32432432
NY,3.77,1.96,1.38,1.77,42.4492,-76.4492,0.0
NY,3.77,1.96,1.38,1.77,44.3042,-73.9839,0.0
NY,3.77,1.96,1.38,1.77,44.7583,-74.6692,0.0
NY,3.77,1.96,1.38,1.77,43.0603,-74.8686,0.0
NY,3.77,1.96,1.38,1.77,43.1878,-78.6092,0.0
NY,3.77,1.96,1.38,1.77,43.7928,-75.4828,-10.19178082
NY,3.77,1.96,1.38,1.77,41.7681,-74.155,26.47019622
NY,3.77,1.96,1.38,1.77,42.8417,-75.7264,0.0
NY,3.77,1.96,1.38,1.77,42.5117,-75.5197,0.0
NY,3.77,1.96,1.38,1.77,44.7281,-75.4442,0.0
NY,3.77,1.96,1.38,1.77,43.45,-76.5369,0.0
NY,3.77,1.96,1.38,1.77,41.3892,-74.6906,0.0
NY,3.77,1.96,1.38,1.77,43.0411,-73.8211,0.0
NY,3.77,1.96,1.38,1.77,40.9586,-73.1047,12.40846748
NY,3.77,1.96,1.38,1.77,43.9,-75.0367,-18.89744539
NY,3.77,1.96,1.38,1.77,42.7511,-73.685,0.0
NY,3.77,1.96,1.38,1.77,44.2308,-74.4383,0.0
NY,3.77,1.96,1.38,1.77,44.1481,-74.9003,0.0
NY,3.77,1.96,1.38,1.77,43.9761,-75.8753,0.0
NY,3.77,1.96,1.38,1.77,41.3906,-73.9608,-9.190941509
NY,3.77,1.96,1.38,1.77,42.1997,-75.985,0.0
NY,3.77,1.96,1.38,1.77,42.9486,-78.7369,0.0
NY,3.77,1.96,1.38,1.77,42.7431,-73.8092,0.0
NY,3.77,1.96,1.38,1.77,44.5772,-75.1097,0.0
NY,3.77,1.96,1.38,1.77,41.6267,-73.8842,0.0
NY,3.77,1.96,1.38,1.77,43.1167,-77.6767,-7.319511292
NY,3.77,1.96,1.38,1.77,43.1111,-76.1039,0.0
NY,3.77,1.96,1.38,1.77,40.7789,-73.9692,0.0
NY,3.77,1.96,1.38,1.77,43.145,-75.3839,0.0
OH,2.41,1.85,0.6,1.16,40.8125,-82.9697,0.0
OH,2.41,1.85,0.6,1.16,40.2686,-80.9981,-15.90849359
OH,2.41,1.85,0.6,1.16,41.0517,-81.9361,-14.67698938
OH,2.41,1.85,0.6,1.16,39.6103,-82.9556,-16.77600889
OH,2.41,1.85,0.6,1.16,40.2403,-81.8711,-21.15946253
OH,2.41,1.85,0.6,1.16,41.2783,-84.3847,0.0
OH,2.41,1.85,0.6,1.16,41.0461,-83.6622,0.0
OH,2.41,1.85,0.6,1.16,40.1033,-84.6503,0.0
OH,2.41,1.85,0.6,1.16,39.2333,-83.6092,-14.50258896
OH,2.41,1.85,0.6,1.16,41.3072,-81.0133,-11.62236209
OH,2.41,1.85,0.6,1.16,40.6486,-83.6061,0.0
OH,2.41,1.85,0.6,1.16,39.6522,-81.8561,-26.99175824
OH,2.41,1.85,0.6,1.16,40.5375,-81.9197,13.1946201
OH,2.41,1.85,0.6,1.16,40.7692,-80.8561,0.0
OH,2.41,1.85,0.6,1.16,41.2667,-82.6167,0.0
OH,2.41,1.85,0.6,1.16,41.2803,-82.2186,-17.27702652
OH,2.41,1.85,0.6,1.16,39.8386,-81.9167,-29.92121908
OH,2.41,1.85,0.6,1.16,38.7569,-82.8872,0.0
OH,2.41,1.85,0.6,1.16,41.1167,-83.1667,0.0
OH,2.41,1.85,0.6,1.16,40.8333,-83.2833,-14.38828411
OH,2.41,1.85,0.6,1.16,40.0992,-83.7822,0.0
OH,2.41,1.85,0.6,1.16,41.2019,-80.8106,-9.512032581
OH,2.41,1.85,0.6,1.16,41.5183,-84.1453,0.0
OH,2.41,1.85,0.6,1.16,39.1114,-82.9797,10.88485746
OH,2.41,1.85,0.6,1.16,40.7833,-81.9167,0.0
OK,1.66,0.87,0.11,-0.26,34.7864,-96.685,0.0
OK,1.66,0.87,0.11,-0.26,34.5903,-99.3344,0.0
OK,1.66,0.87,0.11,-0.26,34.2208,-95.615,0.0
OK,1.66,0.87,0.11,-0.26,34.1772,-97.1617,0.0
OK,1.66,0.87,0.11,-0.26,36.8125,-100.5308,0.0
OK,1.66,0.87,0.11,-0.26,36.7236,-102.4806,0.0
OK,1.66,0.87,0.11,-0.26,36.8003,-99.64,13.03686636
OK,1.66,0.87,0.11,-0.26,35.1756,-98.5794,-16.33393829
OK,1.66,0.87,0.11,-0.26,36.7672,-98.4244,0.0
OK,1.66,0.87,0.11,-0.26,36.3225,-95.5808,0.0
OK,1.66,0.87,0.11,-0.26,34.0,-96.3686,-16.54852069
OK,1.66,0.87,0.11,-0.26,36.4194,-97.8747,0.0
OK,1.66,0.87,0.11,-0.26,35.2164,-99.8628,0.0
OK,1.66,0.87,0.11,-0.26,35.6306,-98.3217,-20.40063458
OK,1.66,0.87,0.11,-0.26,36.5914,-101.6181,0.0
OK,1.66,0.87,0.11,-0.26,35.8161,-97.395,0.0
OK,1.66,0.87,0.11,-0.26,35.585,-99.3953,-30.11203051
OK,1.66,0.87,0.11,-0.26,36.0942,-97.835,0.0
OK,1.66,0.87,0.11,-0.26,35.0567,-96.3861,0.0
OK,1.66,0.87,0.11,-0.26,36.8594,-101.2214,0.0
OK,1.66,0.87,0.11,-0.26,36.6856,-97.7486,0.0
OK,1.66,0.87,0.11,-0.26,36.9031,-102.965,-21.34010015
OK,1.66,0.87,0.11,-0.26,35.8583,-97.9294,-15.25576037
OK,1.66,0.87,0.11,-0.26,34.6097,-98.4572,0.0
OK,1.66,0.87,0.11,-0.26,34.8911,-99.5017,-14.39170507
OK,1.66,0.87,0.11,-0.26,35.505,-96.9772,-13.2846182
OK,1.66,0.87,0.11,-0.26,36.8833,-94.8833,-20.71937412
OK,1.66,0.87,0.11,-0.26,35.7781,-95.3339,0.0
OK,1.66,0.87,0.11,-0.26,36.2283,-99.17,0.0
OK,1.66,0.87,0.11,-0.26,36.9422,-97.0058,0.0
OK,1.66,0.87,0.11,-0.26,36.1217,-98.315,0.0
OK,1.66,0.87,0.11,-0.26,35.4253,-96.3033,0.0
OK,1.66,0.87,0.11,-0.26,35.6239,-96.025,0.0
OK,1.66,0.87,0.11,-0.26,34.7253,-97.2814,-15.03801843
OK,1.66,0.87,0.11,-0.26,36.6692,-96.3472,0.0
OK,1.66,0.87,0.11,-0.26,36.2886,-97.2897,0.0
OK,1.66,0.87,0.11,-0.26,36.1175,-97.095,0.0
OK,1.66,0.87,0.11,-0.26,35.9369,-94.9644,-20.109586
OK,1.66,0.87,0.11,-0.26,34.1747,-97.9964,-19.94373347
OK,1.66,0.87,0.11,-0.26,35.52,-98.6986,0.0
OK,1.66,0.87,0.11,-0.26,35.4814,-95.2039,0.0
OK,1.66,0.87,0.11,-0.26,36.7683,-96.0261,0.0
OK,1.66,0.87,0.11,-0.26,34.9894,-99.0525,0.0
OR,3.3,2.25,2.86,2.33,42.2131,-122.7147,12.97297297
OR,3.3,2.25,2.86,2.33,44.0569,-121.285,7.974824139
OR,3.3,2.25,2.86,2.33,44.3914,-122.4811,-10.58601399
OR,3.3,2.25,2.86,2.33,45.2408,-120.1789,7.233382906
OR,3.3,2.25,2.86,2.33,44.6342,-123.19,11.38689374
OR,3.3,2.25,2.86,2.33,43.7917,-123.0275,8.178558988
OR,3.3,2.25,2.86,2.33,42.8978,-122.1339,0.0
OR,3.3,2.25,2.86,2.33,43.6592,-123.325,6.853017401
OR,3.3,2.25,2.86,2.33,45.4539,-121.1303,9.496368425
OR,3.3,2.25,2.86,2.33,45.5247,-123.1025,0.0
OR,3.3,2.25,2.86,2.33,42.4239,-123.3219,0.0
OR,3.3,2.25,2.86,2.33,45.4486,-122.1547,0.0
OR,3.3,2.25,2.86,2.33,45.3653,-119.5639,10.12513884
OR,3.3,2.25,2.86,2.33,45.6847,-121.5175,8.05701592
OR,3.3,2.25,2.86,2.33,42.2414,-120.3678,16.49413009
OR,3.3,2.25,2.86,2.33,44.1792,-122.1164,0.0
OR,3.3,2.25,2.86,2.33,45.2214,-123.1622,0.0
OR,3.3,2.25,2.86,2.33,45.9428,-118.4089,0.0
OR,3.3,2.25,2.86,2.33,45.4825,-120.7236,0.0
OR,3.3,2.25,2.86,2.33,42.6922,-120.5403,0.0
OR,3.3,2.25,2.86,2.33,45.4756,-118.8253,0.0
OR,3.3,2.25,2.86,2.33,44.3006,-120.8406,0.0
OR,3.3,2.25,2.86,2.33,42.7342,-122.5164,0.0
OR,3.3,2.25,2.86,2.33,42.9508,-123.3572,19.40392447
OR,3.3,2.25,2.86,2.33,45.1219,-122.07,0.0
OR,3.3,2.25,2.86,2.33,45.4539,-123.8519,5.357268234
OR,3.3,2.25,2.86,2.33,45.1986,-117.8647,12.12096774
OR,3.3,2.25,2.86,2.33,43.9814,-117.2439,-12.86333598
OR,3.3,2.25,2.86,2.33,45.5722,-117.5314,17.13882656
OR,3.3,2.25,2.86,2.33,44.8428,-117.8086,9.518696779
OR,3.3,2.25,2.86,2.33,43.4133,-124.2436,15.07441688
OR,3.3,2.25,2.86,2.33,44.6431,-124.0556,0.0
OR,3.3,2.25,2.86,2.33,46.1569,-123.8825,0.0
PA,3.13,1.51,1.09,1.39,39.9353,-77.6394,0.0
PA,3.13,1.51,1.09,1.39,41.4003,-79.8306,0.0
PA,3.13,1.51,1.09,1.39,40.3333,-76.4667,0.0
PA,3.13,1.51,1.09,1.39,41.8511,-75.8583,0.0
PA,3.13,1.51,1.09,1.39,41.0172,-80.3614,10.60803765
PA,3.13,1.51,1.09,1.39,41.7394,-75.4464,0.0
PA,3.13,1.51,1.09,1.39,41.4197,-78.7492,-10.88041466
PA,3.13,1.51,1.09,1.39,40.7831,-76.8617,0.0
PA,3.13,1.51,1.09,1.39,40.7933,-77.8672,-6.830803406
PA,3.13,1.51,1.09,1.39,41.0147,-75.2072,0.0
PA,3.13,1.51,1.09,1.39,41.7511,-76.4431,0.0
PA,3.13,1.51,1.09,1.39,39.915,-79.7192,0.0
PA,3.13,1.51,1.09,1.39,41.8467,-79.1494,-7.550536838
PA,3.13,1.51,1.09,1.39,41.7003,-77.3872,0.0
PA,3.13,1.51,1.09,1.39,39.9708,-75.635,0.0
PA,3.13,1.51,1.09,1.39,39.9167,-76.75,0.0
PA,3.13,1.51,1.09,1.39,40.6508,-75.4492,0.0
PA,3.13,1.51,1.09,1.39,41.2433,-76.9217,0.0
PA,3.13,1.51,1.09,1.39,42.08,-80.1825,0.0
RI,4.88,3.17,3.97,3.08,41.4903,-71.5431,24.16216216
RI,4.88,3.17,3.97,3.08,41.7219,-71.4325,11.50240652
SC,1.99,0.76,0.57,0.74,33.4925,-81.6958,21.6
SC,1.99,0.76,0.57,0.74,34.5283,-82.6608,0.0
SC,1.99,0.76,0.57,0.74,32.3953,-80.6956,0.0
SC,1.99,0.76,0.57,0.74,33.3631,-81.3292,20.56623377
SC,1.99,0.76,0.57,0.74,34.0906,-82.5883,0.0
SC,1.99,0.76,0.57,0.74,34.7028,-79.8822,-17.01592003
SC,1.99,0.76,0.57,0.74,34.6603,-82.8233,0.0
SC,1.99,0.76,0.57,0.74,33.9917,-81.0244,35.07811922
SC,1.99,0.76,0.57,0.74,33.8314,-79.0558,-9.042381675
SC,1.99,0.76,0.57,0.74,34.3011,-79.8767,0.0
SC,1.99,0.76,0.57,0.74,33.3619,-79.2239,0.0
SC,1.99,0.76,0.57,0.74,34.1997,-82.1711,0.0
SC,1.99,0.76,0.57,0.74,33.6775,-79.8283,0.0
SC,1.99,0.76,0.57,0.74,34.4989,-82.0219,0.0
SC,1.99,0.76,0.57,0.74,34.1994,-81.4144,-21.447612
SC,1.99,0.76,0.57,0.74,34.2917,-81.6208,0.0
SC,1.99,0.76,0.57,0.74,33.4889,-80.8742,0.0
SC,1.99,0.76,0.57,0.74,33.9919,-81.7714,0.0
SC,1.99,0.76,0.57,0.74,34.635,-81.5206,0.0
SC,1.99,0.76,0.57,0.74,33.0367,-80.2325,0.0
SC,1.99,0.76,0.57,0.74,33.9364,-80.3569,-12.61310626
SC,1.99,0.76,0.57,0.74,34.7544,-83.075,0.0
SC,1.99,0.76,0.57,0.74,34.3706,-81.0825,0.0
SC,1.99,0.76,0.57,0.74,34.9389,-81.0331,0.0
SC,1.99,0.76,0.57,0.74,32.7019,-80.8517,10.35394298
SC,1.99,0.76,0.57,0.74,34.8831,-82.2203,22.22080039
SC,1.99,0.76,0.57,0.74,32.78,-79.9319,-7.746019993
SD,4.12,1.97,1.46,1.25,43.4894,-99.0628,-13.52388004
SD,4.12,1.97,1.46,1.25,43.6514,-97.7981,-10.58496853
SD,4.12,1.97,1.46,1.25,43.3111,-96.5878,-25.6054018
SD,4.12,1.97,1.46,1.25,44.8817,-97.7325,-14.35714286
SD,4.12,1.97,1.46,1.25,43.9611,-101.8606,0.0
SD,4.12,1.97,1.46,1.25,45.0469,-101.6022,0.0
SD,4.12,1.97,1.46,1.25,45.7656,-99.6222,-12.57312107
SD,4.12,1.97,1.46,1.25,45.0364,-99.1342,-12.4198445
SD,4.12,1.97,1.46,1.25,44.0683,-98.0833,-8.243899551
SD,4.12,1.97,1.46,1.25,44.0569,-99.0719,0.0
SD,4.12,1.97,1.46,1.25,44.5222,-99.455,-10.69159571
SD,4.12,1.97,1.46,1.25,43.4378,-103.4739,0.0
SD,4.12,1.97,1.46,1.25,44.0122,-97.5317,-18.06219919
SD,4.12,1.97,1.46,1.25,43.9025,-99.8583,0.0
SD,4.12,1.97,1.46,1.25,45.155,-98.5825,-19.06404013
SD,4.12,1.97,1.46,1.25,43.2358,-97.5714,-13.74824139
SD,4.12,1.97,1.46,1.25,45.2836,-96.6689,-11.42129918
SD,4.12,1.97,1.46,1.25,43.8878,-100.7075,-7.766012588
SD,4.12,1.97,1.46,1.25,44.1206,-103.2842,-12.88211461
SD,4.12,1.97,1.46,1.25,42.7625,-96.9194,-11.34285346
SD,4.12,1.97,1.46,1.25,43.4989,-100.4814,-15.86538942
SD,4.12,1.97,1.46,1.25,45.4558,-98.4131,-11.89559422
SD,4.12,1.97,1.46,1.25,44.9047,-97.1494,-10.13402444
SD,4.12,1.97,1.46,1.25,44.3814,-100.2856,0.0
TN,1.2,0.45,-0.02,0.06,36.5472,-87.3353,0.0
TN,1.2,0.45,-0.02,0.06,34.9939,-84.3758,-24.21498169
TN,1.2,0.45,-0.02,0.06,35.5497,-89.7,-13.96297787
TN,1.2,0.45,-0.02,0.06,36.0147,-85.1314,0.0
TN,1.2,0.45,-0.02,0.06,36.075,-87.3958,-34.04294706
TN,1.2,0.45,-0.02,0.06,36.4819,-87.8628,-20.51906701
TN,1.2,0.45,-0.02,0.06,35.6214,-88.8456,0.0
TN,1.2,0.45,-0.02,0.06,35.4139,-86.8086,16.64050352
TN,1.2,0.45,-0.02,0.06,35.6722,-85.7811,0.0
TN,1.2,0.45,-0.02,0.06,35.9203,-86.3728,0.0
TN,1.2,0.45,-0.02,0.06,35.9833,-83.2008,-20.47241762
TN,1.2,0.45,-0.02,0.06,36.4161,-82.9839,-20.45242503
TN,1.2,0.45,-0.02,0.06,35.3453,-86.2089,0.0
TN,1.2,0.45,-0.02,0.06,36.3925,-89.0317,-11.5557201
TN,1.2,0.45,-0.02,0.06,35.3042,-87.7592,-12.76194002
TX,2.04,1.67,0.65,0.95,32.7047,-99.3011,-22.05405405
TX,2.04,1.67,0.65,0.95,30.3764,-103.66,25.55429679
TX,2.04,1.67,0.65,0.95,31.7414,-99.9764,0.0
TX,2.04,1.67,0.65,0.95,30.9844,-103.7403,-13.42192197
TX,2.04,1.67,0.65,0.95,28.4575,-97.7061,0.0
TX,2.04,1.67,0.65,0.95,30.095,-98.4142,-15.08996668
TX,2.04,1.67,0.65,0.95,29.7986,-98.7353,0.0
TX,2.04,1.67,0.65,0.95,30.1592,-96.3972,-21.15438726
TX,2.04,1.67,0.65,0.95,31.7383,-98.9456,14.33725642
TX,2.04,1.67,0.65,0.95,33.6164,-95.0717,0.0
TX,2.04,1.67,0.65,0.95,32.1225,-96.4867,-13.86597556
TX,2.04,1.67,0.65,0.95,33.6517,-101.245,0.0
TX,2.04,1.67,0.65,0.95,29.0567,-96.2319,0.0
TX,2.04,1.67,0.65,0.95,32.0628,-98.3047,0.0
TX,2.04,1.67,0.65,0.95,28.7569,-100.4792,-16.01510919
TX,2.04,1.67,0.65,0.95,27.9775,-99.3847,-13.63108423
TX,2.04,1.67,0.65,0.95,27.1353,-98.1203,0.0
TX,2.04,1.67,0.65,0.95,29.6339,-97.0644,0.0
TX,2.04,1.67,0.65,0.95,30.9072,-102.9153,0.0
TX,2.04,1.67,0.65,0.95,33.1678,-96.0983,0.0
TX,2.04,1.67,0.65,0.95,29.4706,-96.9397,-13.18845631
TX,2.04,1.67,0.65,0.95,33.1644,-99.7389,0.0
TX,2.04,1.67,0.65,0.95,31.0717,-98.1847,-15.5548951
TX,2.04,1.67,0.65,0.95,30.0592,-94.795,-13.92151055
TX,2.04,1.67,0.65,0.95,30.7425,-98.6542,0.0
TX,2.04,1.67,0.65,0.95,29.6756,-97.6578,12.4265087
TX,2.04,1.67,0.65,0.95,32.4892,-94.3289,-13.82821177
TX,2.04,1.67,0.65,0.95,31.1331,-102.2217,0.0
TX,2.04,1.67,0.65,0.95,35.6936,-100.6392,0.0
TX,2.04,1.67,0.65,0.95,34.2192,-102.7328,0.0
TX,2.04,1.67,0.65,0.95,29.6597,-98.1636,-34.83106364
TX,2.04,1.67,0.65,0.95,33.6744,-95.5586,0.0
TX,2.04,1.67,0.65,0.95,34.1892,-101.7022,0.0
TX,2.04,1.67,0.65,0.95,34.2761,-99.7578,-18.59813399
TX,2.04,1.67,0.65,0.95,26.3769,-98.8117,0.0
TX,2.04,1.67,0.65,0.95,32.7131,-102.6597,0.0
TX,2.04,1.67,0.65,0.95,32.71,-100.9111,-16.43169197
TX,2.04,1.67,0.65,0.95,36.4414,-102.0775,0.0
TX,2.04,1.67,0.65,0.95,31.0781,-97.3183,-28.77263161
TX,2.04,1.67,0.65,0.95,32.7483,-97.77,-22.51832655
TX,2.04,1.67,0.65,0.95,29.5442,-98.4839,17.67789708
TX,2.04,1.67,0.65,0.95,27.7839,-97.5108,23.53350611
TX,2.04,1.67,0.65,0.95,31.8111,-106.3758,19.69270641
UT,3.31,2.6,3.09,2.49,37.4403,-112.4819,20.86338393
UT,3.31,2.6,3.09,2.49,37.6131,-109.4847,13.80395816
UT,3.31,2.6,3.09,2.49,37.2825,-109.5575,0.0
UT,3.31,2.6,3.09,2.49,39.2872,-112.6519,20.94113291
UT,3.31,2.6,3.09,2.49,40.1703,-110.3978,0.0
UT,3.31,2.6,3.09,2.49,37.7686,-111.5978,37.47263234
UT,3.31,2.6,3.09,2.49,38.9603,-112.3239,-11.54970939
UT,3.31,2.6,3.09,2.49,40.2842,-109.8611,17.85338763
UT,3.31,2.6,3.09,2.49,38.9906,-110.1544,0.0
UT,3.31,2.6,3.09,2.49,40.4917,-111.4261,25.48006993
UT,3.31,2.6,3.09,2.49,37.0286,-112.5361,0.0
UT,3.31,2.6,3.09,2.49,41.8253,-111.3206,-9.754165124
UT,3.31,2.6,3.09,2.49,39.5608,-111.8653,0.0
UT,3.31,2.6,3.09,2.49,41.7456,-111.8033,14.69677897
UT,3.31,2.6,3.09,2.49,39.2583,-111.6308,0.0
UT,3.31,2.6,3.09,2.49,38.4492,-112.2239,0.0
UT,3.31,2.6,3.09,2.49,38.5744,-109.5458,0.0
UT,3.31,2.6,3.09,2.49,41.0575,-111.6894,15.03426808
UT,3.31,2.6,3.09,2.49,39.7119,-111.8319,-19.41281007
UT,3.31,2.6,3.09,2.49,41.2439,-111.9467,0.0
UT,3.31,2.6,3.09,2.49,37.8156,-112.4389,19.15261618
UT,3.31,2.6,3.09,2.49,37.8622,-112.8292,23.2183331
UT,3.31,2.6,3.09,2.49,38.7617,-112.0778,9.703072936
UT,3.31,2.6,3.09,2.49,37.1189,-113.6067,8.616327243
UT,3.31,2.6,3.09,2.49,39.2453,-112.1067,18.65072952
UT,3.31,2.6,3.09,2.49,40.5453,-111.5042,28.89291575
UT,3.31,2.6,3.09,2.49,40.08,-111.6047,7.221769715
UT,3.31,2.6,3.09,2.49,40.5353,-112.3217,40.67826731
UT,3.31,2.6,3.09,2.49,40.3603,-111.8972,17.99672013
UT,3.31,2.6,3.09,2.49,40.4403,-109.5356,0.0
UT,3.31,2.6,3.09,2.49,41.525,-111.1494,20.43021103
UT,3.31,2.6,3.09,2.49,37.2092,-112.9814,13.14402073
UT,3.31,2.6,3.09,2.49,38.3706,-110.7153,22.16380395
UT,3.31,2.6,3.09,2.49,37.7981,-113.9256,0.0
UT,3.31,2.6,3.09,2.49,40.7206,-114.0358,0.0
VA,2.43,1.28,0.99,1.03,37.2039,-80.4144,0.0
VA,2.43,1.28,0.99,1.03,37.0908,-81.3364,0.0
VA,2.43,1.28,0.99,1.03,38.0328,-78.5225,0.0
VA,2.43,1.28,0.99,1.03,38.4547,-78.9353,0.0
VA,2.43,1.28,0.99,1.03,36.5628,-79.3633,0.0
VA,2.43,1.28,0.99,1.03,37.3264,-78.3864,0.0
VA,2.43,1.28,0.99,1.03,37.2992,-77.2775,0.0
VA,2.43,1.28,0.99,1.03,37.9994,-79.8322,0.0
VA,2.43,1.28,0.99,1.03,37.7767,-79.4386,0.0
VA,2.43,1.28,0.99,1.03,39.1422,-77.7094,-8.663457979
VA,2.43,1.28,0.99,1.03,36.7586,-83.0106,0.0
VA,2.43,1.28,0.99,1.03,38.2322,-78.1203,-8.410218438
VA,2.43,1.28,0.99,1.03,36.9769,-79.8961,0.0
VA,2.43,1.28,0.99,1.03,38.1692,-79.0844,-12.8419104
VA,2.43,1.28,0.99,1.03,37.3017,-76.7039,0.0
VA,2.43,1.28,0.99,1.03,38.8969,-78.4678,-13.2728619
VA,2.43,1.28,0.99,1.03,36.9033,-76.1922,0.0
VT,4.65,2.44,1.98,2.34,43.3847,-72.5989,0.0
VT,4.65,2.44,1.98,2.34,43.9572,-73.2106,0.0
VT,4.65,2.44,1.98,2.34,44.9094,-72.8083,0.0
VT,4.65,2.44,1.98,2.34,44.42,-72.0194,-10.88485746
VT,4.65,2.44,1.98,2.34,44.4683,-73.15,8.196964087
WA,2.84,1.3,2.05,1.35,46.9658,-123.8292,-6.821917808
WA,2.84,1.3,2.05,1.35,48.9775,-122.7928,0.0
WA,2.84,1.3,2.05,1.35,47.1694,-122.0036,9.623076923
WA,2.84,1.3,2.05,1.35,47.4144,-121.7561,-9.181044058
WA,2.84,1.3,2.05,1.35,46.72,-122.9528,0.0
WA,2.84,1.3,2.05,1.35,48.9672,-122.3292,6.517586079
WA,2.84,1.3,2.05,1.35,47.1889,-120.9131,-6.587967421
WA,2.84,1.3,2.05,1.35,48.5558,-119.7492,8.288549623
WA,2.84,1.3,2.05,1.35,47.6575,-118.1614,0.0
WA,2.84,1.3,2.05,1.35,46.3153,-118.0022,0.0
WA,2.84,1.3,2.05,1.35,46.9692,-120.54,0.0
WA,2.84,1.3,2.05,1.35,47.9753,-122.195,15.68752314
WA,2.84,1.3,2.05,1.35,47.9558,-124.3539,5.52906331
WA,2.84,1.3,2.05,1.35,46.2111,-119.1011,8.592373195
WA,2.84,1.3,2.05,1.35,46.1506,-122.9164,10.77291092
WA,2.84,1.3,2.05,1.35,47.1358,-122.2558,0.0
WA,2.84,1.3,2.05,1.35,48.8994,-117.8289,-10.40583877
WA,2.84,1.3,2.05,1.35,47.3331,-118.6961,0.0
WA,2.84,1.3,2.05,1.35,48.6117,-122.8064,15.55597969
WA,2.84,1.3,2.05,1.35,46.4672,-117.5883,-6.987459001
WA,2.84,1.3,2.05,1.35,48.1139,-123.4317,0.0
WA,2.84,1.3,2.05,1.35,48.1161,-122.7586,0.0
WA,2.84,1.3,2.05,1.35,46.7603,-117.1861,13.08478639
WA,2.84,1.3,2.05,1.35,47.1175,-118.3714,0.0
WA,2.84,1.3,2.05,1.35,47.0933,-117.5878,0.0
WA,2.84,1.3,2.05,1.35,48.4958,-122.2355,0.0
WA,2.84,1.3,2.05,1.35,47.5414,-121.8361,0.0
WA,2.84,1.3,2.05,1.35,48.3508,-120.7264,16.58959666
WA,2.84,1.3,2.05,1.35,46.3236,-120.0103,0.0
WA,2.84,1.3,2.05,1.35,45.6778,-122.6511,0.0
WA,2.84,1.3,2.05,1.35,47.6497,-120.08,0.0
WA,2.84,1.3,2.05,1.35,47.4289,-120.31,9.360977416
WA,2.84,1.3,2.05,1.35,47.7681,-118.7239,7.632728619
WA,2.84,1.3,2.05,1.35,48.4742,-120.1886,0.0
WA,2.84,1.3,2.05,1.35,47.6217,-117.5281,5.642354683
WA,2.84,1.3,2.05,1.35,46.0947,-118.2869,0.0
WI,4.09,2.06,0.97,1.29,46.5831,-90.9678,0.0
WI,4.09,2.06,0.97,1.29,42.6181,-89.3867,-8.619029989
WI,4.09,2.06,0.97,1.29,42.6783,-90.1064,0.0
WI,4.09,2.06,0.97,1.29,43.7953,-88.4533,-18.93743058
WI,4.09,2.06,0.97,1.29,44.1186,-89.5358,-11.39355794
WI,4.09,2.06,0.97,1.29,42.8278,-90.7889,-18.70862643
WI,4.09,2.06,0.97,1.29,44.0869,-87.6522,-8.772306553
WI,4.09,2.06,0.97,1.29,44.6411,-90.1333,0.0
WI,4.09,2.06,0.97,1.29,45.1308,-90.3439,0.0
WI,4.09,2.06,0.97,1.29,43.0722,-88.0294,0.0
WI,4.09,2.06,0.97,1.29,45.8864,-89.7322,0.0
WI,4.09,2.06,0.97,1.29,44.5378,-90.535,-10.69159571
WI,4.09,2.06,0.97,1.29,44.3586,-88.7189,-14.58600399
WI,4.09,2.06,0.97,1.29,44.8919,-87.955,-12.34431692
WI,4.09,2.06,0.97,1.29,44.0206,-88.5578,0.0
WI,4.09,2.06,0.97,1.29,43.5306,-89.4369,-8.605701592
WI,4.09,2.06,0.97,1.29,43.0514,-91.135,-21.36542021
WI,4.09,2.06,0.97,1.29,42.7022,-87.7861,-21.14648954
WI,4.09,2.06,0.97,1.29,45.8236,-91.8761,-8.276934469
WI,4.09,2.06,0.97,1.29,44.9528,-90.9269,-11.5905245
WI,4.09,2.06,0.97,1.29,43.5594,-90.8761,-18.67308404
WI,4.09,2.06,0.97,1.29,43.1742,-88.7364,-19.59940763
WV,1.73,0.95,0.29,0.72,38.9803,-80.22,0.0
WV,1.73,0.95,0.29,0.72,38.9339,-80.8317,0.0
WV,1.73,0.95,0.29,0.72,37.8567,-80.4042,0.0
WV,1.73,0.95,0.29,0.72,39.0736,-79.6339,0.0
WV,1.73,0.95,0.29,0.72,37.5742,-81.5356,-34.75308732
WV,1.73,0.95,0.29,0.72,38.8008,-81.3583,0.0
WV,1.73,0.95,0.29,0.72,38.5278,-81.9153,0.0
WV,1.73,0.95,0.29,0.72,39.4019,-77.9844,0.0
WY,3.61,2.9,2.22,1.87,43.7728,-111.0339,0.0
WY,3.61,2.9,2.22,1.87,44.3797,-108.035,0.0
WY,3.61,2.9,2.22,1.87,41.7594,-104.8222,0.0
WY,3.61,2.9,2.22,1.87,44.5022,-109.1111,0.0
WY,3.61,2.9,2.22,1.87,44.8711,-104.1533,0.0
WY,3.61,2.9,2.22,1.87,43.2336,-108.9133,0.0
WY,3.61,2.9,2.22,1.87,43.5397,-109.6553,0.0
WY,3.61,2.9,2.22,1.87,41.265,-110.9508,-7.730470196
WY,3.61,2.9,2.22,1.87,41.5167,-109.4703,10.1211822
WY,3.61,2.9,2.22,1.87,44.5622,-110.3986,10.82670538
WY,3.61,2.9,2.22,1.87,42.7506,-104.4811,-12.71161049
WY,3.61,2.9,2.22,1.87,43.4131,-106.2772,-14.5892094
WY,3.61,2.9,2.22,1.87,43.8567,-110.5889,12.74861163
WY,3.61,2.9,2.22,1.87,43.8497,-104.1886,11.53794891
WY,3.61,2.9,2.22,1.87,43.2458,-108.6942,7.90893305
WY,3.61,2.9,2.22,1.87,42.8744,-109.8581,0.0
WY,3.61,2.9,2.22,1.87,43.0306,-108.3744,0.0
WY,3.61,2.9,2.22,1.87,41.4528,-106.8053,0.0
WY,3.61,2.9,2.22,1.87,44.8406,-106.8383,0.0
WY,3.61,2.9,2.22,1.87,42.0803,-104.2236,0.0
WY,3.61,2.9,2.22,1.87,42.1106,-104.9492,0.0
WY,3.61,2.9,2.22,1.87,44.0114,-107.9683,18.55979267
WY,3.61,2.9,2.22,1.87,44.9767,-110.6964,11.86671603
WY,3.61,2.9,2.22,1.87,41.1519,-104.8061,14.64790818
WY,3.61,2.9,2.22,1.87,41.3119,-105.6747,13.3039615
WY,3.61,2.9,2.22,1.87,41.5944,-109.0528,16.28433892
